{
  // Build Fields
    "MANUFACTURER": "Google",
    "MODEL": "Pixel 7 Pro",
    "FINGERPRINT": "google/cheetah_beta/cheetah:16/BP31.250610.009/13905196:user/release-keys",
    "BRAND": "google",
    "PRODUCT": "cheetah_beta",
    "DEVICE": "cheetah",
    "RELEASE": "16",
    "ID": "BP31.250610.009",
    "INCREMENTAL": "13905196",
    "TYPE": "user",
    "TAGS": "release-keys",
    "SECURITY_PATCH": "2026-02-05",
    "DEVICE_INITIAL_SDK_INT": "35",

  // System Properties
    "*.build.id": "BP31.250610.009",
    "*.security_patch": "2026-02-05",
    "*api_level": "35",

  // Advanced Settings
    "spoofBuild": "1",
    "spoofProps": "1",
    "spoofProvider": "1",
    "spoofSignature": "1",
    "spoofVendingFinger": "0",
    "spoofVendingSdk": "0",
    "verboseLogs": "0"
}
